[
  {
    "name": "گربه",
    "meaning": "نشانه‌ای از استقلال، شهود و محافظت. شاید وقتشه بیشتر به حس ششمت اعتماد کنی."
  },
  {
    "name": "ظرف مسی",
    "meaning": "نماد تعادل بین سنت و خلاقیت. امروز شاید زمان خوبی برای بازگشت به ریشه‌هات باشه."
  },
  {
    "name": "لباس لک‌دار",
    "meaning": "نماد چیزی ناتمام یا زخمی در گذشته. وقتشه که بهش نگاهی تازه بندازی."
  },
  {
    "name": "کبوتر",
    "meaning": "نماد صلح، پیام و آغاز تازه. شاید خبری مهم در راه باشه."
  },
  {
    "name": "شیشه شکسته",
    "meaning": "اعتماد یا تصوری که ترک خورده. اما شکستن همیشه پایان نیست، گاهی شفاف‌تر شدنِ واقعیته."
  },
  {
    "name": "سطل زباله پر",
    "meaning": "افکاری یا روابطی که دیگه جایی در زندگی‌ت ندارن. وقتشه تمیز کنی تا جا برای تازه‌ها باز شه."
  },
  {
    "name": "لباس اتو نشده",
    "meaning": "عجله، شلوغی یا بی‌توجهی به خود. شاید باید دوباره زمان بزاری برای آراستن روح و ظاهرت."
  },
  {
    "name": "قطره چکانی",
    "meaning": "دریافت تدریجی چیزی که مستحقش بودی. شاید زمانش رسیده با صراحت بیشتری خواسته‌هاتو بیان کنی."
  },
  {
    "name": "عکس تاخورده",
    "meaning": "خاطره‌ای که فراموش نشده، فقط لای چیزی جا مونده. وقتشه نگاه دوباره‌ای به گذشته بندازی."
  },
  {
    "name": "پلاک قدیمی",
    "meaning": "هویتی که زمانی باهاش تعریف می‌شدی ولی حالا برات تنگ شده. وقتشه تعریفتو به‌روز کنی."
  },
  {
    "name": "دکمه‌ی بدون جفت",
    "meaning": "احساسی بدون پاسخ یا رابطه‌ای ناتمام. گاهی بهتره دکمه‌ی اضافه رو رها کنی تا لباس راحت‌تر شه."
  },
  {
    "name": "آینه جیبی",
    "meaning": "خودت رو کوچک اما متمرکز ببین. نگاهت به خودت تعیین می‌کنه دنیا چطور باهات رفتار کنه."
  },
  {
    "name": "شال افتاده روی زمین",
    "meaning": "نشونه‌ای از فراموشی یا عجله. شاید چیزی مهم رو در مسیر گم کردی."
  },
  {
    "name": "چراغ قرمز طولانی",
    "meaning": "توقفی که به نظر بی‌پایان میاد. ولی بدون که همین مکث می‌تونه نجات‌دهنده باشه."
  },
  {
    "name": "پاک‌کن کوتاه",
    "meaning": "تلاشت برای پاک کردن اشتباهات زیاده. اما شاید وقتشه به جای حذف، بپذیری."
  },
  {
    "name": "کارت بانکی منقضی‌شده",
    "meaning": "منابعی که دیگه برات کار نمی‌کنن. باید راه‌های جدید تأمین و رشد پیدا کنی."
  },
  {
    "name": "بلیت استفاده‌نشده",
    "meaning": "فرصتی که رد کردی. هنوز هم می‌تونی راهی مشابه رو انتخاب کنی، فقط شجاعت می‌خواد."
  },
  {
    "name": "گوشی با صفحه ترک‌خورده",
    "meaning": "ارتباطی که آسیب دیده ولی هنوز فعاله. با احتیاط ادامه بده یا ترمیمش کن."
  },
  {
    "name": "قلم بدون جوهر",
    "meaning": "حرف‌هایی که درونت خشک شدن. باید دوباره خودت رو به نوشتن یا گفتن دعوت کنی."
  },
  {
    "name": "کف پای خیس روی سرامیک",
    "meaning": "ردپایی از چیزی تازه. حواست به اثراتی که امروز می‌ذاری باشه."
  },
  {
    "name": "لیوان لب‌پر",
    "meaning": "ظرفیتت برای دادن زیاده، اما خودت ترک‌داری. اول به خودت برس، بعد برای دیگران بریز."
  },
  {
    "name": "در باز پارکینگ",
    "meaning": "دری برای رفتن یا برگشتن. شاید باید تصمیم بگیری که بالاخره کجا می‌خوای باشی."
  },
  {
    "name": "سوت بی‌صدا",
    "meaning": "هشداری که دیده نمی‌شه ولی وجود داره. بهتره به حس‌های درونی‌ت اعتماد کنی."
  },
  {
    "name": "پیچ گوشتی زنگ‌زده",
    "meaning": "ابزاری که زمانی کارآمد بوده اما حالا بی‌استفاده‌ست. زمان به‌روزرسانی رسیده."
  },
  {
    "name": "کفش پاشنه‌بلند شکسته",
    "meaning": "تلاشی برای دیده‌شدن یا بالا رفتن که آسیب‌زاست. شاید باید سبک‌بارتر حرکت کنی."
  },
  {
    "name": "قاب آویزون از دیوار",
    "meaning": "زیبایی نیمه‌کاره یا بی‌توجهی به چیزی ارزشمند. امروز نگاهت رو اصلاح کن."
  },
  {
    "name": "دوش سرد ناگهانی",
    "meaning": "اتفاقی که شوکه‌ت کرده ولی هشیارت کرده. مراقب نشونه‌های تکرار باش."
  },
  {
    "name": "کتاب بدون جلد",
    "meaning": "چیزی یا کسی که محتوا داره ولی ظاهرش دیده نمی‌شه. ارزش رو از روی ظاهر نسنج."
  },
  {
    "name": "قاشق چوبی سوخته",
    "meaning": "نشونه‌ی استفاده‌ی بیش از حده. تو هم نیاز به استراحت و بازسازی داری."
  },
  {
    "name": "پنجره بدون پرده",
    "meaning": "شفافیت کامل، اما بدون حریم. شاید لازم باشه بین شفاف بودن و مرز داشتن، تعادل ایجاد کنی."
  },
  {
    "name": "قابلمه‌ی درحال جوشیدن",
    "meaning": "احساساتت لب‌ریزن. وقتشه تخلیه شی قبل از سرریز شدن."
  },
  {
    "name": "جاکلیدی سنگین",
    "meaning": "مسئولیت‌های زیادی که داری، ولی همه‌شون ضروری نیستن. سبک کن خودتو."
  },
  {
    "name": "لباس دوخته‌نشده",
    "meaning": "چیزی که در ذهن‌ت بوده ولی اجرایی نشده. وقت عمله، نه فقط فکر کردن."
  },
  {
    "name": "نقشه‌ی جمع‌نشده",
    "meaning": "سفری که بی‌برنامه شروع شده یا گمراهی ذهنی. باید مکث کنی و دوباره ببینی کجایی."
  },
  {
    "name": "ترازوی کج",
    "meaning": "احساس بی‌عدالتی یا مقایسه‌ی ناعادلانه. امروز سعی کن با خودت منصف باشی."
  },
  {
    "name": "سوزن ته‌گرد زیر پا",
    "meaning": "چیزی کوچیک ولی دردناک. شاید حرفی، حرکتی یا خاطره‌ای که بی‌صدا آزارت می‌ده."
  },
  {
    "name": "خط چشم پخش‌شده",
    "meaning": "احساسی که مخفی می‌کردی، بالاخره دیده شده. دیگه نمی‌شه پنهونش کرد."
  },
  {
    "name": "دوشک فرورفته",
    "meaning": "جایی که زیادی موندی. راحته ولی دیگه برات مفید نیست. باید حرکت کنی."
  },
  {
    "name": "دستمال کاغذی خالی",
    "meaning": "اشکایی که بدون همراهی موندن. شاید نیاز داری کسی فقط شنونده باشه."
  },
  {
    "name": "چراغ روی سقف خاموش",
    "meaning": "مرکز نوری که بی‌توجه مونده. توجهتو به جای مهم‌تری بده."
  },
  {
    "name": "گوشواره‌ی تک",
    "meaning": "زیبایی‌ای که ناقص شده ولی هنوز جذابه. همه‌چیز لازم نیست کامل باشه تا ارزشمند باشه."
  },
  {
    "name": "قفل با کلید اشتباه",
    "meaning": "تلاش برای باز کردن چیزی با روش غلط. شاید نیاز به زاویه‌ی دید جدیدی داری."
  },
  {
    "name": "نخ دندان گیر کرده",
    "meaning": "وسواسی بی‌فایده که در حال اذیت کردنت هست. رها کن، مهم نیست."
  },
  {
    "name": "کف زمین سرد",
    "meaning": "نبود حمایت یا گرمای عاطفی. وقتشه برای خودت منبع گرما و آرامش بسازی."
  }
]